model,pronoun,acc,freq,count
tiny,herself,0.27555555555555555,0.75,12
tiny,themselves,0.6533333333333333,0.7807017543859649,114
tiny,himself,0.43111111111111106,0.631578947368421,95
grnn,herself,0.9180952380952381,0.8,3688
grnn,themselves,0.8573809523809524,0.73,9670
grnn,himself,0.8061904761904761,0.6039603960396039,17226
