model,pronoun,acc,freq,count
tiny,herself,0.27555555555555555,0.75,12
tiny,themselves,0.6533333333333333,0.7807017543859649,114
tiny,himself,0.43111111111111106,0.631578947368421,95
tinywiki,herself,0.6844444444444444,0.8,3688
tinywiki,themselves,0.7155555555555555,0.73,9670
tinywiki,himself,0.4577777777777778,0.6039603960396039,17226
